,Area,Device Name,Device,PLC Tag,PLC dep gauge1,PLC dep gauge2,PLC dep pump1,PLC dep valve1,Volume,sim dep vol1,sim dep vol2,Cable Assembly Drawings,PLC Block 1,PLC Block 2,Other Device,PLC Block 1,PLC Block 2,NOTES
1,EBD,RTDS-VGC-1,VV1S,VGC,RTDS-GCC-1,,,,,,,376-422-20-C0/376-422-21-C0,ES1004,ES2004,,,,
2,EBD,RTDS-GCC-1,CG1S,MKS422,,,,,,,,261-806-55-C0,,,937B,EL3064,EL2794,
3,EBD,RTDS-GPI-1,PG1S,MKS317,RTDS-GCC-1,,,,,,,261-801-41-C0,,,937B,EL3064,EL2794,
4,EBD,,not labeled,PIP_Gamma,,,,,,,,376-422-33-C0,,,Gamma QPCe,EL2794,EL1004,
5,EBD,,not labeled,PIP_Gamma,,,,,,,,376-422-33-C0,,,Gamma QPCe,EL2794,EL1004,
6,EBD,,not labeled,PIP_Gamma,,,,,,,,376-422-33-C0,,,Gamma QPCe,EL2794,EL1004,
7,EBD,,not labeled,PIP_Gamma,,,,,,,,376-422-33-C0,,,Gamma QPCe,EL2794,EL1004,
8,EBD,,not labeled,PIP_Gamma,,,,,,,,376-422-33-C0,,,Gamma QPCe,EL2794,EL1004,
9,EBD (GMD),EM1K0-GMD-VGC-1,VGC-01,VGC,,,,,,,,261-804-05-C0/261-807-71-C0/261-807-72-C0,ES1004,ES2004,,,,Should this be considered in or out of the GMD
10,EBD (GMD),EM1K0-GMD-GPI-10,GPI-10,MKS317,RTDS-GCC-1,EM1K0-GMD-GCC-10,,,,,,261-801-41-C0,,,937B,EL3064,EL2794,
11,EBD (GMD),EM1K0-GMD-PTM-10,PTM-10,PTM_Agilent,EM1K0-GMD-GCC-10,,,,,,,376-422-31-C0,ES2004,ES1088,,,,
12,EBD (GMD),EM1K0-GMD-VGC-10,VGC-10,VGC,EM1K0-GMD-GCC-10,EM1K0-GMD-GCC-20,,,,,,261-804-05-C0/261-807-71-C0/261-807-72-C0,ES1004,ES2004,,,,
13,EBD (GMD),EM1K0-GMD-GCC-10,GCC-10,MKS422,EM1K0-GMD-GPI-10,,,,,,,261-806-55-C0,,,937B,EL3064,EL2794,
14,EBD (GMD),EM1K0-GMD-PTM-20,PTM-20,PTM_Agilent,EM1K0-GMD-GCC-20,,,,,,,376-422-31-C0,ES2004,ES1088,,,,
15,EBD (GMD),EM1K0-GMD-VGC-20,VGC-20,VGC,EM1K0-GMD-GCC-20,EM1K0-GMD-GCC-30,,,,,,261-804-05-C0/261-807-71-C0/261-807-72-C0,ES1004,ES2004,,,,
16,EBD (GMD),EM1K0-GMD-GCC-20,GCC-20,MKS422,EM1K0-GMD-GPI-10,,,,,,,261-806-55-C0,,,937B,EL3064,EL2794,
17,EBD (GMD),EM1K0-GMD-PTM-30,PTM-30,PTM_Agilent,EM1K0-GMD-GCC-30,,,,,,,376-422-31-C0,ES2004,ES1088,,,,
18,EBD (GMD),EM1K0-GMD-VGC-30,VGC-30,VGC,EM1K0-GMD-GCC-30,,,,,,,261-804-05-C0/261-807-71-C0/261-807-72-C0,ES1004,ES2004,,,,
19,EBD (GMD),EM1K0-GMD-GCC-30,GCC-30,MKS422,EM1K0-GMD-GPI-10,EM1K0-GMD-GCC-40,,,,,,261-806-55-C0,,,937B,EL3064,EL2794,
20,EBD (GMD),EM1K0-GMD-PRT-40,PR-40,,,,,,,,,,,,,,,Noticed this Device in Naming Doc for First time
21,EBD (GMD),EM1K0-GMD-PTM-40,PTM-40,PTM_Agilent,,,,,,,,,,,,,,Noticed this Device in Naming Doc for First time
22,EBD (GMD),EM1K0-GMD-VCN-40,VCN-40,VCN,,,,,,,,,,,,,,Noticed this Device in Naming Doc for First time
23,EBD (GMD),EM1K0-GMD-VGC-40,VGC-40,VGC,,,,,,,,,,,,,,Noticed this Device in Naming Doc for First time
24,EBD (GMD),EM1K0-GMD-VGP-40,VGP-40,VGC,EM1K0-GMD-GCC-30,EM1K0-GMD-GCC-40,,,,,,376-422-22-C0,ES1004,ES2004,,,,
25,EBD (GMD),EM1K0-GMD-GCC-40,GCC-40,MKS422,EM1K0-GMD-GPI-40,,,,,,,261-806-55-C0,,,937B,EL3064,EL2794,
26,EBD (GMD),EM1K0-GMD-GPI-40,GPI-40,MKS317,,,,,,,,261-801-41-C0,,,937B,EL3064,EL2794,
27,EBD (GMD),EM1K0-GMD-PTM-50,PTM-50,PTM_Agilent,EM1K0-GMD-GCC-50,,,,,,,376-422-31-C0,ES2004,ES1088,,,,
28,EBD (GMD),EM1K0-GMD-VGC-50,VGC-50,VGC,EM1K0-GMD-GCC-50,EM1K0-GMD-GCC-60,,,,,,261-804-05-C0/261-807-71-C0/261-807-72-C0,ES1004,ES2004,,,,
29,EBD (GMD),EM1K0-GMD-GCC-50,GCC-50,MKS422,EM1K0-GMD-GPI-70,,,,,,,261-806-55-C0,,,937B,EL3064,EL2794,
30,EBD (GMD),EM1K0-GMD-PTM-60,PTM-60,PTM_Agilent,EM1K0-GMD-GCC-60,,,,,,,376-422-31-C0,ES2004,ES1088,,,,
31,EBD (GMD),EM1K0-GMD-VGC-60,VGC-60,VGC,EM1K0-GMD-GCC-60,EM1K0-GMD-GCC-70,,,,,,261-804-05-C0/261-807-71-C0/261-807-72-C0,ES1004,ES2004,,,,
32,EBD (GMD),EM1K0-GMD-GCC-60,GCC-60,MKS422,EM1K0-GMD-GPI-70,,,,,,,261-806-55-C0,,,937B,EL3064,EL2794,
33,EBD (GMD),EM1K0-GMD-PTM-70,PTM-70,PTM_Agilent,EM1K0-GMD-GCC-70,,,,,,,376-422-31-C0,ES2004,ES1088,,,,
34,EBD (GMD),EM1K0-GMD-VGC-70,VGC-70,VGC,EM1K0-GMD-GCC-70,IM2K0-XTES-GCC-1,,,,,,261-804-05-C0/261-807-71-C0/261-807-72-C0,ES1004,ES2004,,,,
35,EBD (GMD),EM1K0-GMD-GCC-70,GCC-70,MKS422,EM1K0-GMD-GPI-70,,,,,,,261-806-55-C0,,,937B,EL3064,EL2794,
36,EBD (GMD),EM1K0-GMD-GPI-70,GPI-70,MKS317,,,,,,,,261-801-41-C0,ES1004,ES2004,,,,
37,EBD (GMD),N/A,VGC-02,,,,,,,,,,ES1004,ES2004,,,,
38,EBD,IM2K0-XTES-GCC-1,CG2S,MKS422,IM2K0-XTES-GPI-1,,,,,,,261-806-55-C0,,,937B,EL3064,EL2794,
39,EBD,IM2K0-XTES-GPI-1,PG2S,MKS317,,,,,,,,261-801-41-C0,,,937B,EL3064,EL2794,
40,EBD,PCPM3B-PIP-1,IP1S (100L),PIP_Gamma,IM2K0-XTES-GCC-1,,,,,,,376-422-33-C0,,,Gamma QPCe,EL2794,EL1004,
41,EBD,TV1K0-GAS-GCC-1,CG3S,MKS422,TV1K0-GAS-GPI-1,,,,,,,261-806-55-C0,,,937B,EL3064,EL2794,
42,EBD,TV1K0-GAS-GPI-1,PG3S,MKS317,,,,,,,,261-801-41-C0,,,937B,EL3064,EL2794,
43,EBD,TV1K0-GAS-VGC-1,VV3S,VGC,TV1K0-GAS-GCC-1,AT1K0_GAS_GCC_10,,,,,,,,,,,,I'm guessing these are the same device but should it be in or out of the GMD
44,EBD (GATT) diff,,VGC01,,,,,,,,,,ES1004,ES2004,,,,
45,EBD (GATT) diff,AT1K0_GAS_PTM_10,PTM-10 (diff pump 1),PTM_Ebara_010M,AT1K0_GAS_GCC_10,,,,,,,TBD,,,Ebara ETC 010M,,,
46,EBD (GATT) diff,AT1K0_GAS_VRC_10,VGC-10 (diff pump 1),VRC,AT1K0_GAS_GCC_10,,,,,,,TBD,ES1004,ES2004,,,,
47,EBD (GATT) diff,AT1K0_GAS_GPI_10,GPI-10 (diff pump 1),MKS317,,,,,,,,261-801-41-C0,,,937B,EL3064,EL2794,
48,EBD (GATT) diff,AT1K0_GAS_GCC_10,GCC-10 (diff pump 1),MKS422,AT1K0_GAS_GPI_10,,,,,,,261-806-55-C0,,,937B,EL3064,EL2794,
49,EBD (GATT) diff,AT1K0_GAS_PTM_20,PTM-20 (diff pump 2),PTM_Ebara_010M,AT1K0_GAS_GCC_20,,,,,,,TBD,,,Ebara ETC 010M,,,
50,EBD (GATT) diff,AT1K0_GAS_VRC_20,VGC-20 (diff pump 2),VRC,AT1K0_GAS_GCC_20,,,,,,,TBD,ES1004,ES2004,,,,
51,EBD (GATT) diff,AT1K0_GAS_GPI_20,GPI-20 (diff pump 2),MKS317,,,,,,,,261-801-41-C0,,,937B,EL3064,EL2794,
52,EBD (GATT) diff,AT1K0_GAS_GCC_20,GCC-20 (diff pump 2),MKS422,AT1K0_GAS_GPI_20,,,,,,,261-806-55-C0,,,937B,EL3064,EL2794,
53,EBD (GATT) diff,AT1K0_GAS_GPI_11,GPI-10,MKS317,,,,,,,,261-801-41-C0,,,937B,EL3064,EL2794,Unsure if the Device/Device ID from different Docs are matched correctly
54,EBD (GATT) diff,AT1K0_GAS_PFM_01,PR-10,EbaraDryPump,,,,,,,,TBD,,,,,,
55,EBD (GATT) diff,AT1K0_GAS_PTM_30,PTM-30 (diff pump 3),PTM_Ebara_010M,AT1K0_GAS_GCC_30,,,,,,,TBD,,,Ebara ETC 010M,,,
56,EBD (GATT) diff,AT1K0_GAS_VRC_30,VGC-30 (diff pump 3),VRC,AT1K0_GAS_GCC_30,,,,,,,TBD,ES1004,ES2004,,,,
57,EBD (GATT) diff,AT1K0_GAS_GPI_30,GPI-30 (diff pump 3),MKS317,,,,,,,,261-801-41-C0,,,937B,EL3064,EL2794,
58,EBD (GATT) diff,AT1K0_GAS_GCC_30,GCC-30 (diff pump 3),MKS422,AT1K0_GAS_GPI_30,,,,,,,261-806-55-C0,,,937B,EL3064,EL2794,
59,EBD (GATT) diff,AT1K0_GAS_PTM_40,PTM-40 (diff pump 4),PTM_Ebara_010M,AT1K0_GAS_GCC_40,,,,,,,TBD,,,Ebara ETC 010M,,,
60,EBD (GATT) diff,AT1K0_GAS_VRC_40,VGC-40 (diff pump 4),VRC,AT1K0_GAS_GCC_40,,,,,,,TBD,ES1004,ES2004,,,,
61,EBD (GATT) diff,AT1K0_GAS_GPI_40,GPI-40 (diff pump 4),MKS317,,,,,,,,261-801-41-C0,,,937B,EL3064,EL2794,
62,EBD (GATT) diff,AT1K0_GAS_GCC_40,GCC-40 (diff pump 4),MKS422,AT1K0_GAS_GPI_40,,,,,,,261-806-55-C0,,,937B,EL3064,EL2794,
63,EBD (GATT) MA,AT1K0_GAS_VRC_50,VGC-50,VRC,AT1K0_GAS_GCC_50,,,,,,,261-804-05-C0/261-807-71-C0/261-807-72-C0,ES1004,ES2004,,,,
64,EBD (GATT) MA,AT1K0_GAS_GPI_50,GPI-50 ,MKS317,,,,,,,,261-801-41-C0,,,937B,EL3064,EL2794,
65,EBD (GATT) MA,AT1K0_GAS_GCC_50,GCC-50,MKS422,AT1K0_GAS_GPI_50,,,,,,,261-806-55-C0,,,937B,EL3064,EL2794,
66,EBD (GATT) MA,AT1K0_GAS_VRC_60,VGC-60,VRC,AT1K0_GAS_GCC_60,,,,,,,261-804-05-C0/261-807-71-C0/261-807-72-C0,,,,,,
67,EBD (GATT) MA,AT1K0_GAS_GPI_60,GPI-60,MKS317,,,,,,,,261-801-41-C0,,,937B,EL3064,EL2794,
68,EBD (GATT) MA,AT1K0_GAS_GCC_60,GCC-60,MKS422,AT1K0_GAS_GPI_60,,,,,,,261-806-55-C0,,,937B,EL3064,EL2794,
69,EBD (GATT) MA,AT1K0_GAS_GPI_61,GPI-60(roughing pump port?),MKS317,,,,,,,,261-801-41-C0,,,937B,EL3064,EL2794,Unsure if the Device/Device ID from different Docs are matched correctly
70,EBD (GATT) MA,AT1K0_GAS_PFM_60,PR-60,EbaraDryPump,,,,,,,,,,,,,,
71,FEE(GATT) INJ,AT1K0_GAS_VVC_70,VGC-70,VCC,,,,,,,,376-422-14-C0,ES4004,,,,,"Unsure how devices match between
 SD-375-357-59 and the Interconnect Diagram"
72,FEE(GATT) INJ,AT1K0_GAS_PTM_80,PTM-80,PTM_Ebara_010M,,,,,,,,376-422-31-C0,ES1084,ES2004,,,,
73,FEE(GATT) INJ,AT1K0_GAS_VGP_80,VGP-80,VGC,AT1K0_GAS_GCC_60,AT1K0_GAS_GCC_80,,,,,,376-422-22-C0,ES7041,,,,,
74,FEE(GATT) INJ,AT1K0_GAS_GPI_80,GPI-80,MKS317,,,,,,,,261-801-41-C0,,,937B,EL3064,EL2794,
75,FEE(GATT) INJ,AT1K0_GAS_GCC_80,GCC-80,MKS422,,,,,,,,261-806-55-C0,,,937B,EL3064,EL2794,
76,FEE(GATT) MA,AT1K0_GAS_VRC_90,VGC-90,VRC,AT1K0_GAS_GCC_90,,,,,,,376-422-19,ES1004,ES2004,,,,
77,FEE(GATT) MA,AT1K0_GAS_GCC_90,GCC-90,MKS422,AT1K0_GAS_GPI_90,,,,,,,261-806-55-C0,,,937B,EL3064,EL2794,
78,FEE(GATT) MA,AT1K0_GAS_GPI_90,GPI-90,MKS317,,,,,,,,261-801-41-C0,,,937B,EL3064,EL2794,
79,FEE(GATT) MA,AT1K0_GAS_VRC_100,VGC-100,VRC,AT1K0_GAS_GCC_100,,,,,,,376-422-19/261-807-72-C0,ES1004,ES2004,,,,
80,FEE(GATT) MA,AT1K0_GAS_GCC_100,GCC-100,MKS422,AT1K0_GAS_GPI_100,,,,,,,261-806-55-C0,,,937B,EL3064,EL2794,
81,FEE(GATT) MA,AT1K0_GAS_GPI_100,GPI-100,MKS317,,,,,,,,261-801-41-C0,,,937B,EL3064,EL2794,
82,FEE(GATT) diff,FEES-GATT-GPI-111,GPI-110 (roughing pump port?),MKS275,,,,,,,,376-422-10,EL3174-0002,ES9184,ES9070,,,
83,FEE(GATT) diff,AT1K0_GAS_PTM_110,PTM-110 (diff pump 5),PTM_Ebara_010M,AT1K0_GAS_GCC_110,,,,,,,TBD,,,Ebara ETC 010M,,,
84,FEE(GATT) diff,AT1K0_GAS_VRC_110,VGC-110 (diff pump 5),VRC,AT1K0_GAS_GCC_110,,,,,,,376-422-19,ES1004,ES2004,,,,
85,FEE(GATT) diff,AT1K0_GAS_GPI_110,GPI-110 (diff pump 5),MKS317,,,,,,,,261-801-41-C0,,,937B,EL3064,EL2794,
86,FEE(GATT) diff,AT1K0_GAS_GCC_110,GCC-110 (diff pump 5),MKS422,AT1K0_GAS_GPI_110,,,,,,,261-806-55-C0,,,937B,EL3064,EL2794,
87,FEE(GATT) diff,AT1K0_GAS_GPI_121,GPI-120 (roughing pump port?),MKS275,,,,,,,,376-422-10,EL3174-0002,ES9184,ES9070,,,
88,FEE(GATT) diff,AT1K0_GAS_PTM_120,PTM-120 (diff pump 6),PTM_Ebara_010M,AT1K0_GAS_GCC_120,,,,,,,TBD,,,Ebara ETC 010M,,,
89,FEE(GATT) diff,AT1K0_GAS_VRC_120,VGC-120 (diff pump 6),VRC,AT1K0_GAS_GCC_120,,,,,,,376-422-19,ES1004,ES2004,,,,
90,FEE(GATT) diff,AT1K0_GAS_GPI_120,GPI-120 (diff pump 6),MKS317,,,,,,,,261-801-41-C0,,,937B,EL3064,EL2794,
91,FEE(GATT) diff,AT1K0_GAS_GCC_120,GCC-120 (diff pump 6),MKS422,AT1K0_GAS_GPI_120,,,,,,,261-806-55-C0,,,937B,EL3064,EL2794,
92,FEE(GATT) diff,AT1K0_GAS_PTM_130,PTM-130 (diff pump 7),PTM_Ebara_010M,AT1K0_GAS_GCC_130,,,,,,,TBD,,,Ebara ETC 010M,,,
93,FEE(GATT) diff,AT1K0_GAS_VRC_130,VGC-130 (diff pump 7),VRC,AT1K0_GAS_GCC_130,,,,,,,376-422-19,ES1004,ES2004,,,,
94,FEE(GATT) diff,AT1K0_GAS_GPI_130,GPI-130 (diff pump 7),MKS317,,,,,,,,261-801-41-C0,,,937B,EL3064,EL2794,
95,FEE(GATT) diff,AT1K0_GAS_GCC_130,GCC-130 (diff pump 7),MKS422,AT1K0_GAS_GPI_130,,,,,,,261-806-55-C0,,,937B,EL3064,EL2794,
96,FEE(GATT) diff,AT1K0_GAS_GPI_121,GPI-130 (roughing pump port?),MKS275,,,,,,,,376-422-10,EL3174-0002,ES9184,ES9070,,,
97,FEE(GATT) diff,AT1K0_GAS_PTM_140,PTM-140,PTM_Ebara_010M,AT1K0_GAS_GCC_140,,,,,,,TBD,,,Ebara ETC 010M,,,
98,FEE(GATT) diff,AT1K0_GAS_VRC_140,VGC-140,VRC,AT1K0_GAS_GCC_140,,,,,,,376-422-19,ES1004,ES2004,,,,
99,FEE(GATT) diff,AT1K0_GAS_GPI_140,GPI-140,MKS317,,,,,,,,261-801-41-C0,,,937B,EL3064,EL2794,
100,FEE(GATT) diff,AT1K0_GAS_GCC_140,GCC-140,MKS422,AT1K0_GAS_GPI_140,,,,,,,261-806-55-C0,,,937B,EL3064,EL2794,
101,FEE,EM1K0-XGMD-VGC-1,VV4S,VGC,AT1K0_GAS_GCC_140,EM1K0-XGMD-GCC-10,,,,,,261-804-05-C0/261-806-86-C0/261-806-86-C1,EP2238-0002,,,,,
102,FEE(XGMD),EM1K0-XGMD-GPI-10,GPI-10,MKS317,,,,,,,,261-806-55-C0,,,937B,EL3064,EL2794,
103,FEE(XGMD),EM1K0-XGMD-PTM-10,PTM-10,PTM_Ebara_010M,EM1K0-XGMD-GCC-10,,,,,,,376-422-31-C0,ES2004,ES1088,,,,
104,FEE(XGMD),EM1K0-XGMD-VGC-10,VGC-10,VGC,AT1K0_GAS_GCC_140,EM1K0-XGMD-GCC-10,,,,,,261-804-05-C0/261-807-71-C0/261-807-72-C0,ES1004,ES2004,,,,
105,FEE(XGMD),EM1K0-XGMD-GCC-10,GCC-10,MKS422,EM1K0-XGMD-GPI-10,,,,,,,261-806-55-C0,,,937B,EL3064,EL2794,
106,FEE(XGMD),EM1K0-XGMD-PTM-20,PTM-20,PTM_Agilent,EM1K0-XGMD-GCC-20,,,,,,,376-422-31-C0,ES2004,ES1088,,,,
107,FEE(XGMD),EM1K0-XGMD-VGC-20,VGC-20,VGC,EM1K0-XGMD-GCC-20,EM1K0-XGMD-GCC-30,,,,,,261-804-05-C0/261-807-71-C0/261-807-72-C0,ES1004,ES2004,,,,
108,FEE(XGMD),EM1K0-XGMD-GCC-20,GCC-20,MKS422,EM1K0-XGMD-GPI-10,,,,,,,261-806-55-C0,,,937B,EL3064,EL2794,
109,FEE(XGMD),EM1K0-XGMD-PTM-30,PTM-30,PTM_Agilent,EM1K0-XGMD-GCC-30,,,,,,,376-422-31-C0,ES2004,ES1088,,,,
110,FEE(XGMD),EM1K0-XGMD-VGC-30,VGC-30,VGC,EM1K0-XGMD-GCC-30,EM1K0-XGMD-GCC-40,,,,,,261-804-05-C0/261-807-71-C0/261-807-72-C0,ES1004,ES2004,,,,
111,FEE(XGMD),EM1K0-XGMD-GCC-30,GCC-30,MKS422,EM1K0-XGMD-GPI-10,,,,,,,261-806-55-C0,,,937B,EL3064,EL2794,
112,FEE(XGMD),EM1K0-XGMD-PTM-40,PTM-40,PTM_Agilent,EM1K0-XGMD-GCC-40,,,,,,,376-422-31-C0,ES2004,ES1088,,,,
113,FEE(XGMD),EM1K0-XGMD-VGC-40,VGC-40,VGC,EM1K0-XGMD-GCC-40,EM1K0-XGMD-GCC-50,,,,,,261-804-05-C0/261-807-71-C0/261-807-72-C0,ES1004,ES2004,,,,
114,FEE(XGMD),EM1K0-XGMD-GCC-40,GCC-40,MKS422,EM1K0-XGMD-GPI-10,,,,,,,261-806-55-C0,,,937B,EL3064,EL2794,
115,FEE(XGMD),EM1K0-XGMD-PTM-50,PTM-50,PTM_Agilent,EM1K0-XGMD-GCC-50,,,,,,,376-422-31-C0,ES2004,ES1088,,,,
116,FEE(XGMD),EM1K0-XGMD-VGP-50,VGP-50,VGC,EM1K0-XGMD-GCC-50,,,,,,,376-422-22-C0,ES1004,ES2004,,,,
117,FEE(XGMD),EM1K0-XGMD-GCC-50,GCC-50,MKS422,EM1K0-XGMD-GPI-50,,,,,,,261-806-55-C0,,,937B,EL3064,EL2794,
118,FEE(XGMD),EM1K0-XGMD-GPI-50,GPI-50 ,MKS317,,,,,,,,261-807-10-C0,EL3174-0002,ES9184,ES9070,,,
119,FEE(XGMD),EM1K0-XGMD-PRT-50,PR-50,PTM_Agilent,EM1K0-XGMD-GCC-50,,,,,,,376-422-31-C0,ES1004,ES2004,EL3174-0002,,,
120,FEE(XGMD),EM1K0-XGMD-VCN-50,VCN-50,VCN,,,,,,,,376-422-14-C0,ES4004,,,,,
121,FEE(XGMD),EM1K0-XGMD-GPI-90,GPI-90,MKS317,,,,,,,,261-806-55-C0,,,937B,EL3064,EL2794,
122,FEE(XGMD),EM1K0-XGMD-PTM-60,PTM-60,PTM_Agilent,EM1K0-XGMD-GCC-60,,,,,,,376-422-31-C0,ES2004,ES1088,,,,
123,FEE(XGMD),EM1K0-XGMD-VGC-60,VGC-60,VGC,EM1K0-XGMD-GCC-60,EM1K0-XGMD-GCC-70,,,,,,261-804-05-C0/261-807-71-C0/261-807-72-C0,ES1004,ES2004,,,,
124,FEE(XGMD),EM1K0-XGMD-GCC-60,GCC-60,MKS422,EM1K0-XGMD-GPI-90,,,,,,,261-806-55-C0,,,937B,EL3064,EL2794,
125,FEE(XGMD),EM1K0-XGMD-PTM-70,PTM-70,PTM_Agilent,EM1K0-XGMD-GCC-70,,,,,,,376-422-31-C0,ES2004,ES1088,,,,
126,FEE(XGMD),EM1K0-XGMD-VGC-70,VGC-70,VGC,EM1K0-XGMD-GCC-70,EM1K0-XGMD-GCC-80,,,,,,261-804-05-C0/261-807-71-C0/261-807-72-C0,ES1004,ES2004,,,,
127,FEE(XGMD),EM1K0-XGMD-GCC-70,GCC-70,MKS422,EM1K0-XGMD-GPI-90,,,,,,,261-806-55-C0,,,937B,EL3064,EL2794,
128,FEE(XGMD),EM1K0-XGMD-PTM-80,PTM-80,PTM_Agilent,EM1K0-XGMD-GCC-80,,,,,,,376-422-31-C0,ES2004,ES1088,,,,
129,FEE(XGMD),EM1K0-XGMD-VGC-80,VGC-80,VGC,EM1K0-XGMD-GCC-80,EM1K0-XGMD-GCC-90,,,,,,261-804-05-C0/261-807-71-C0/261-807-72-C0,ES1004,ES2004,,,,
130,FEE(XGMD),EM1K0-XGMD-GCC-80,GCC-80,MKS422,EM1K0-XGMD-GPI-90,,,,,,,261-806-55-C0,,,937B,EL3064,EL2794,
131,FEE(XGMD),EM1K0-XGMD-PTM-90,PTM-90,PTM_Agilent,EM1K0-XGMD-GCC-90,,,,,,,376-422-31-C0,ES2004,ES1088,,,,
132,FEE(XGMD),EM1K0-XGMD-VGC-90,VGC-90,VGC,EM1K0-XGMD-GCC-90,,,,,,,261-804-05-C0/261-807-71-C0/261-807-72-C0,ES1004,ES2004,,,,
133,FEE(XGMD),EM1K0-XGMD-GCC-90,GCC-90,MKS422,EM1K0-XGMD-GPI-90,TV2K0-GCC-1,,,,,,261-806-55-C0,,,937B,EL3064,EL2794,
134,FEE,TV2K0-VGC-1,VV5S,VGC,EM1K0-XGMD-GCC-90,TV2K0-GCC-1,,,,,,261-804-05-C0/261-806-86-C0/261-806-86-C1,EP2238-0002,,,,,
135,FEE,TV2K0-VGC-2,VV6S,VGC,TV2K0-GCC-1,TV2K0-GCC-2,,,,,,261-804-05-C0/261-806-86-C0/261-806-86-C1,EP2238-0002,,,,,
136,FEE,TV2K0-GCC-1,CG4S,MKS422,TV2K0-GPI-1,,,,,,,261-806-55-C0,,,937B,EL3064,EL2794,
137,FEE,TV2K0-GPI-1,PG4S,MKS317,,,,,,,,261-801-41-C0,,,937B,EL3064,EL2794,
138,FEE,TV2K0-GCC-2,CG5S,MKS422,TV2K0-GPI-1,,,,,,,261-806-55-C0,,,937B,EL3064,EL2794,
139,FEE,TV2K0-GPI-1,PG5S,MKS317,,,,,,,,261-806-55-C0,,,937B,EL3064,EL2794,
140,FEE,TV2K0-VFS-1,FV1S,VCC,,,,,,,,,?,?,?,,,probably out of scope
141,FEE,PA1K0-GCC-1,CG6S,MKS422,PA1K0-GPI-1,,,,,,,261-806-55-C0,,,937B,EL3064,EL2794,
142,FEE,PA1K0-GPI-1,PG6S,MKS317,,,,,,,,261-801-41-C0,,,937B,EL3064,EL2794,
143,FEE,PA1K0-RGA-1,RGA1S,,,,,,,,,,?,?,?,,,probably out of scope
144,FEE (SL2S),PA1K0-PIP-1,IP1S (150L),PIP_Gamma,PA1K0-GCC-1,,,,,,,SAFECONN Cable FB SC3 FI/376-422-47,,,Gamma QPCe,EL2794,EL1004,
145,FEE (Diff Pump),PA1K0,,PIP_Gamma,,,,,,,,SAFECONN Cable FB SC3 FI/376-422-47,,,Gamma QPCe,EL2794,EL1004,
146,FEE,MR1K1-BEND-VGC-1,VV7S,VGC,PA1K0-GCC-1,MR2K3-TXI-GCC-1,,,VV7S,,,261-806-86-C0/261-806-88-C0,EP2238-0002,,,,,Unsure of this beamline device
147,FEE(Mirror-M1K1),MR1K1-BEND-GCC-1,,MKS422,MR1K1-BEND-GPI-1,,,,M1K1,,,261-806-55-C0,,,937B,EL3064,EL2794,
148,FEE(Mirror-M1K1),MR1K1-BEND-GPI-1,,MKS317,,,,,M1K1,,,261-806-55-C0,,,937B,EL3064,EL2794,
149,FEE(Mirror-M1K1),MR1K1-BEND-PGT-1,,,,,,,M1K1,,,,,,,,,Noticed this Device in Naming Doc for First time
150,FEE(Mirror-M1K1),MR1K1-BEND-PGT-2,,,,,,,M1K1,,,,,,,,,Noticed this Device in Naming Doc for First time
151,FEE(Mirror-M1K1),MR1K1-BEND-PIP-1,,PIP_Gamma,MR1K1-BEND-GCC-1,,,,M1K1,,,SAFECONN Cable FB SC3 FI/376-422-47,,,Gamma QPCe,EL2794,EL1004,
152,FEE,MR1K3-TXI-VGC-1,VV8S,VGC,MR1K1-BEND-GCC-1,MR2K3-TXI-GCC-1,,,VV8S,M1K1,M_K1K3,261-804-05-C0/261-806-86-C0/261-806-86-C1,EP2238-0002,,,,,
153,FEE(Mirror-M2K3),MR2K3-TXI-GCC-1,,MKS500_EP,MR2K3-TXI-GPI-1,,,,M_K1K3,,,261-806-60-C0/261-806-02-C2,EP3174-0002,EP2624-0002,,,,
154,FEE(Mirror-M2K3),MR2K3-TXI-GPI-1,,MKS275,,,,,M_K1K3,,,261-807-01-C0/261-806-01-C1,EP3174-0002,EP2624-0002,,,,
155,FEE(Mirror-M2K3),MR2K3-TXI-PGT-1,,,,,,,M_K1K3,,,,,,,,,Noticed this Device in Naming Doc for First time
156,FEE(Mirror-M2K3),MR2K3-TXI-PGT-2,,,,,,,M_K1K3,,,,,,,,,Noticed this Device in Naming Doc for First time
157,FEE(Mirror-M2K3),MR2K3-TXI-PIP-1,,PIP_Gamma,MR2K3-TXI-GCC-1,,,,M_K1K3,,,SAFECONN Cable FB SC3 FI/376-422-47,,,Gamma QPCe,EL2794,EL1004,
158,FEE(Mirror-M1K3),MR1K3-TXI-GCC-1,,MKS500_EP,MR1K3-TXI-GPI-1,,,,M_K1K3,,,261-806-60-C0/261-806-02-C2,EP3174-0002,EP2624-0002,,,,
159,FEE(Mirror-M1K3),MR1K3-TXI-GPI-1,,MKS275,,,,,M_K1K3,,,261-807-01-C0/261-806-01-C1,EP3174-0002,EP2624-0002,,,,
160,FEE(Mirror-M1K3),MR1K3-TXI-PGT-1,,,,,,,M_K1K3,,,,,,,,,Noticed this Device in Naming Doc for First time
161,FEE(Mirror-M1K3),MR1K3-TXI-PGT-2,,,,,,,M_K1K3,,,,,,,,,Noticed this Device in Naming Doc for First time
162,FEE(Mirror-M1K3),MR1K3-TXI-PIP-1,,PIP_Gamma,MR1K3-TXI-GCC-1,,,,M_K1K3,,,SAFECONN Cable FB SC3 FI/376-422-47,,,Gamma QPCe,EL2794,EL1004,
163,FEE,SP1K1-MONO-VGC-1,VV1K1,VGC,MR1K3-TXI-GCC-1,SP1K1-MONO-GCC-1,,,VV1K1,M_K1K3,SP1K1,261-804-05-C0/261-806-86-C0/261-806-86-C1,EP2238-0002,,,,,
164,FEE(Mono SP1K1),SP1K1-MONO-GCC-1,,MKS500_EP,SP1K1-MONO-GPI-1,,,,SP1K1,,,261-806-60-C0/261-806-02-C2,EP3174-0002,EP2624-0002,,,,
165,FEE(Mono SP1K1),SP1K1-MONO-GPI-1,,MKS275,,,,,SP1K1,,,261-807-01-C0/261-806-01-C1,EP3174-0002,EP2624-0002,,,,
166,FEE(Mono SP1K1),SP1K1-MONO-PIP-1,,PIP_Gamma,SP1K1-MONO-GCC-1,,,,SP1K1,,,SAFECONN Cable FB SC3 FI/376-422-47,,,Gamma QPCe,EL2794,EL1004,
167,FEE(Mono SP1K1),SP1K1-MONO-PIP-2,,PIP_Gamma,SP1K1-MONO-GCC-1,,,,SP1K1,,,SAFECONN Cable FB SC3 FI/376-422-47,,,Gamma QPCe,EL2794,EL1004,
168,FEE(Mono SP1K1),SP1K1-MONO-PGT-1,,,,,,,SP1K1,,,,,,,,,Noticed this Device in Naming Doc for First time
169,FEE(Mono SP1K1),SP1K1-MONO-PGT-2,,,,,,,SP1K1,,,,,,,,,Noticed this Device in Naming Doc for First time
170,FEE,SP1K1-MONO-VGC-2,VV2K1,VGC,,,,,SP1K1-MONO-VGC-2,SP1K1,END,261-804-05-C0/261-806-86-C0/261-806-86-C1,EP2238-0002,,,,,
171,FEE,IM1K2-PPM-VGC-1,VV1K3,VGC,,,,,IM1K2-PPM-VGC-1,M_K1K3,END,261-804-05-C0/261-806-86-C0/261-806-86-C1,EP2238-0002,,,,,
172,FEE,TV3K0-VGC-1,VV09S,VGC,MR2K3-TXI-GCC-1,TV3K0-GCC-1,,,VV9S,M_K1K3,VOL-TV3K0-VGC-1,261-804-05-C0/261-806-86-C0/261-806-86-C1,EP2238-0002,,,,,
173,FEE,TV3K0-GCC-1,CG7S,MKS500_EP,TV3K0-GPI-1,,,,VOL-TV3K0-VGC-1,,,261-806-60-C0/261-806-02-C2,EP3174-0002,EP2624-0002,,,,
174,FEE,TV3K0-GPI-1,PG7S,MKS275,,,,,VOL-TV3K0-VGC-1,,,261-807-01-C0/261-806-01-C1,EP3174-0002,EP2624-0002,,,,
175,FEE,TV3K0-PIP-1,IP3S,PIP_Gamma,TV3K0-GCC-1,,,,VOL-TV3K0-VGC-1,,,SAFECONN Cable FB SC3 FI/376-422-47,,,Gamma QPCe,EL2794,EL1004,
176,FEE,MR1K4-SOMS-VGC-1,VV10S,VGC,TV3K0-GCC-1,MR1K4-SOMS-GCC-1,,,VV10S,VOL-TV3K0-VGC-1,M1K4,261-804-05-C0/261-806-86-C0/261-806-86-C1,EP2238-0002,,,,,
177,FEE(Mirror-M1K4),MR1K4-SOMS-GCC-1,GCC-M1K4,MKS500_EP,MR1K4-SOMS-GPI-1,,,,M1K4,,,261-806-60-C0/261-806-02-C2,EP3174-0002,EP2624-0002,,,,
178,FEE(Mirror-M1K4),MR1K4-SOMS-GPI-1,GPR-M1K4,MKS275,,,,,M1K4,,,261-807-01-C0/261-806-01-C1,EP3174-0002,EP2624-0002,,,,
179,FEE(Mirror-M1K4),MR1K4-SOMS-PIP-1,IP-5S,PIP_Gamma,MR1K4-SOMS-GCC-1,,,,M1K4,,,SAFECONN Cable FB SC3 FI/376-422-47,,,Gamma QPCe,EL2794,EL1004,
180,FEE(Mirror-M1K4),MR1K4-SOMS-PGT-1,,,,,,,M1K4,,,,,,,,,Noticed this Device in Naming Doc for First time
181,FEE(Mirror-M1K4),MR1K4-SOMS-PGT-2,,,,,,,M1K4,,,,,,,,,Noticed this Device in Naming Doc for First time
182,FEE,TV1K4-VGC-1,VV1K4,VGC,,,,,,,,261-804-05-C0/261-806-86-C0/261-806-86-C1,EP2238-0002,,,,,
183,FEE,TV1K4-VFS-1,FV1K4,VCC,,,,,,,,,?,?,?,,,probably out of scope
184,FEE,ST1K4-TEST-GCC-1,,MKS500_EP,ST1K4-TEST-GPI-1,,,,,,,261-806-60-C0/261-806-02-C2,EP3174-0002,EP2624-0002,,,,
185,FEE,ST1K4-TEST-GPI-1,,MKS275,,,,,,,,261-807-01-C0/261-806-01-C1,EP3174-0002,EP2624-0002,,,,
186,FEE,TV1K4-VGC-2,VV2K4,VGC,,,,,,,,261-804-05-C0/261-806-86-C0/261-806-86-C1,EP2238-0002,,,,,
187,FEE (MPS Stopper),,CG8S,MKS500_EP,,,,,,,,261-806-60-C0/261-806-02-C2,EP3174-0002,EP2624-0002,,,,No new name given
188,FEE (MPS Stopper),,PG8S,MKS275,,,,,,,,261-807-01-C0/261-806-01-C1,EP3174-0002,EP2624-0002,,,,No new name given
189,FEE (MPS Stopper),,IP8S,PIP_Gamma,,,,,,,,SAFECONN Cable FB SC3 FI/376-422-47,,,Gamma QPCe,EL2794,EL1004,No new name given
190,FEE  (BCS Stopper),,CG9S,MKS500_EP,,,,,,,,261-806-60-C0/261-806-02-C2,EP3174-0002,EP2624-0002,,,,No new name given
191,FEE  (BCS Stopper),,PG9S,MKS275,,,,,,,,261-807-01-C0/261-806-01-C1,EP3174-0002,EP2624-0002,,,,No new name given
192,FEE  (BCS Stopper),,IP9S,PIP_Gamma,,,,,,,,SAFECONN Cable FB SC3 FI/376-422-47,,,Gamma QPCe,EL2794,EL1004,No new name given
193,FEE (PPS Stopper),,CG10S ,MKS500_EP,,,,,,,,261-806-60-C0/261-806-02-C2,EP3174-0002,EP2624-0002,,,,"not in Interconnect diagrams, but taking a guess;No new name given"
194,FEE (PPS Stopper),,PG10S,MKS275,,,,,,,,261-807-01-C0/261-806-01-C1,EP3174-0002,EP2624-0002,,,,"not in Interconnect diagrams, but taking a guess;No new name given"
195,FEE (PPS Stopper),,IP10S,PIP_Gamma,,,,,,,,SAFECONN Cable FB SC3 FI/376-422-47,,,Gamma QPCe,EL2794,EL1004,"not in Interconnect diagrams, but taking a guess;No new name given"
196,FEE,ST3K4-XTES-VGC-1,VV3K4,VGC,,,,,,,,261-804-05-C0/261-806-86-C0/261-806-86-C1,EP2238-0002,,,,,
197,FEE,ST4K4-XTES-GCC-1,CG1K4,MKS500_EP,ST4K4-XTES-GPI-1,,,,,,,261-806-60-C0/261-806-02-C2,EP3174-0002,EP2624-0002,,,,
198,FEE,ST4K4-XTES-GPI-1,PG1K4,MKS275,,,,,,,,261-807-01-C0/261-806-01-C1,EP3174-0002,EP2624-0002,,,,
199,FEE,ST4K4-XTES-PIP-1,IPK4,PIP_Gamma,ST4K4-XTES-GCC-1,,,,,,,SAFECONN Cable FB SC3 FI/376-422-47,,,Gamma QPCe,EL2794,EL1004,
